#OTU_ID,Kingdom,Phylum,Class,Order,Family,Genus,Species,296-20-8
00f3281eef2645ef11b6e865f5feaa7e,Bacteria,Proteobacteria,Gammaproteobacteria,Enterobacteriales,Enterobacteriaceae,Enterobacteriaceae bacterium,Enterobacteriaceae bacterium,5
0663ade4d06e30955491ebeae3b9fe19,Bacteria,Bacteroidetes,Bacteroidia,Flavobacteriales,Crocinitomicaceae,Crocinitomix,uncultured bacterium,57
06811a5440a3d6dd6d501fcbc3feae66,Bacteria,Proteobacteria,Alphaproteobacteria,Rickettsiales,Mitochondria,uncultured bacterium,uncultured bacterium,19
06a02c8a852b27651ddef23c4174e201,Bacteria,Nitrospinae,Nitrospinia,Nitrospinales,Nitrospinaceae,LS-NOB,Ambiguous_taxa,46
074dd3c5f98f908b9cb924bc02c591da,Bacteria,Planctomycetes,Phycisphaerae,Phycisphaerales,Phycisphaeraceae,FS140-16B-02 marine group,Ambiguous_taxa,9
0abb6666e8f0d09f0ce54c11ed157a2f,Bacteria,Proteobacteria,Gammaproteobacteria,OM182 clade,OM182 clade bacterium,OM182 clade bacterium,OM182 clade bacterium,36
0af462855793e68049baacdcadc4e1b1,Bacteria,Proteobacteria,Alphaproteobacteria,SAR11 clade,Clade IV,Ambiguous_taxa,Ambiguous_taxa,12
0b1bfe440f3f65f8fb4fc67df90ae491,Bacteria,Planctomycetes,Planctomycetacia,Pirellulales,Pirellulaceae,uncultured,uncultured planctomycete,96
0b95feee5c93b0e3ad04838407a82f2f,Bacteria,Bacteroidetes,Bacteroidia,Flavobacteriales,NS7 marine group,NS7 marine group bacterium,NS7 marine group bacterium,22
0d754b3546373fe64021cd1d8957fa91,Bacteria,Proteobacteria,Gammaproteobacteria,Alteromonadales,Alteromonadaceae,Alteromonas,Alteromonas bacterium,24
0e3418855c4b342cdcf67c462b6be721,Bacteria,Proteobacteria,Alphaproteobacteria,Rickettsiales,Mitochondria,uncultured bacterium,uncultured bacterium,47
0e80a784681f2dfe7b4eb664685e24bc,Bacteria,Actinobacteria,Acidimicrobiia,Microtrichales,Microtrichaceae,Sva0996 marine group,Sva0996 marine group bacterium,18
0f2551eb7c43e82c8bd59d9e51a5aadf,Bacteria,Bacteroidetes,Bacteroidia,Flavobacteriales,NS9 marine group,uncultured marine bacterium,uncultured marine bacterium,221
0f45bbf0101ad702929384c8befb9943,Bacteria,Verrucomicrobia,Verrucomicrobiae,Verrucomicrobiales,DEV007,Ambiguous_taxa,Ambiguous_taxa,4
0f7d7e0293b0b1ecf7915c5d9251b932,Bacteria,Planctomycetes,OM190,Ambiguous_taxa,Ambiguous_taxa,Ambiguous_taxa,Ambiguous_taxa,98
14ba002dbdbea078da13885ce75321b1,Bacteria,Proteobacteria,Deltaproteobacteria,Bdellovibrionales,Bdellovibrionaceae,OM27 clade,uncultured marine bacterium,2
178723c1722b75105893d826d4aeda61,Bacteria,Proteobacteria,Proteobacteria bacterium,Proteobacteria bacterium,Proteobacteria bacterium,Proteobacteria bacterium,Proteobacteria bacterium,27
19be82437bfa547714979a8520de6074,Bacteria,Proteobacteria,Gammaproteobacteria,Cellvibrionales,Porticoccaceae,SAR92 clade,SAR92 clade bacterium,51
1c2db6bdf83c503d1c7a4f2ff92c2e5c,Bacteria,Bacteroidetes,Bacteroidia,Flavobacteriales,Crocinitomicaceae,Fluviicola,uncultured marine bacterium,58
1e559af431c797629eb8bcc711404353,Bacteria,Bacteroidetes,Bacteroidia,Flavobacteriales,Cryomorphaceae,uncultured,uncultured Owenweeksia sp.,3
1ecd17681c63a48fae61f8766a4859e5,Bacteria,Proteobacteria,Alphaproteobacteria,Rickettsiales,Mitochondria,uncultured bacterium,uncultured bacterium,18
1fabc7ec553b07acc22e9858089c989a,Bacteria,Proteobacteria,Deltaproteobacteria,Oligoflexales,Oligoflexaceae,uncultured,uncultured bacterium,23
23d9c5f0122ef82e5ece251ee81826a4,Bacteria,Proteobacteria,Alphaproteobacteria,Rickettsiales,Mitochondria,Mitochondria bacterium,Mitochondria bacterium,12
25ce3d5aa1437d192a85538161a834e1,Bacteria,Proteobacteria,Alphaproteobacteria,Alphaproteobacteria bacterium,Alphaproteobacteria bacterium,Alphaproteobacteria bacterium,Alphaproteobacteria bacterium,14
283d6941e1fab0c034ca6746adc86d38,Bacteria,Proteobacteria,Gammaproteobacteria,Cellvibrionales,Cellvibrionaceae,uncultured,uncultured organism,8
2983438e2b03eb1c22c5b4d99292e6cb,Bacteria,Proteobacteria,Alphaproteobacteria,Puniceispirillales,SAR116 clade,uncultured marine bacterium,uncultured marine bacterium,51
2997f1920aefbb91632b549f2538b73b,Bacteria,Proteobacteria,Alphaproteobacteria,SAR11 clade,Clade I,Clade Ia,Clade Ia bacterium,25
29e147348364f25451b2729361ae568f,Bacteria,Proteobacteria,Gammaproteobacteria,OM182 clade,Ambiguous_taxa,Ambiguous_taxa,Ambiguous_taxa,78
2a28739b3218cdd4c006bd5c39ceb124,Bacteria,Bacteroidetes,Bacteroidia,Flavobacteriales,NS9 marine group,hydrothermal vent metagenome,hydrothermal vent metagenome,250
2a8e413806955fee51ae29e4bab2178b,Bacteria,Actinobacteria,Acidimicrobiia,Actinomarinales,Actinomarinaceae,Candidatus Actinomarina,uncultured marine eukaryote,178
2b15273e3d3160f938805761390e3299,Bacteria,Proteobacteria,Deltaproteobacteria,PB19,uncultured marine bacterium,uncultured marine bacterium,uncultured marine bacterium,46
2c7bffd0168777d0e53c65160ac840f0,Bacteria,Bacteroidetes,Bacteroidia,Flavobacteriales,Cryomorphaceae,NS10 marine group,Ambiguous_taxa,83
2cc74e3fa94ca62c938cf8de09c52427,Bacteria,Bacteroidetes,Bacteroidia,Flavobacteriales,Flavobacteriaceae,NS5 marine group,NS5 marine group bacterium,36
2d13f2663f7bb47c75fe074a6367cb2b,Bacteria,Proteobacteria,Alphaproteobacteria,Rickettsiales,Mitochondria,uncultured bacterium,uncultured bacterium,6
31f18280654c3b734dc52067fad44df7,Bacteria,Verrucomicrobia,Verrucomicrobiae,Verrucomicrobiales,Rubritaleaceae,Roseibacillus,uncultured marine bacterium,141
32e77ba5950596c9a5471f91b13f9381,Bacteria,Proteobacteria,Deltaproteobacteria,Bdellovibrionales,Bdellovibrionaceae,OM27 clade,uncultured bacterium,10
333b52631536d46e7daefd398ae17a04,Bacteria,Proteobacteria,Alphaproteobacteria,Rickettsiales,Mitochondria,Proteobacteria bacterium JGI 0000113-D06,Proteobacteria bacterium JGI 0000113-D06,16
336802777d5cd242c23431b4dd1011ff,Bacteria,Proteobacteria,Alphaproteobacteria,Rhodospirillales,Magnetospiraceae,Magnetospira,uncultured marine bacterium,9
35dbc505dc4c9132a474fb79a3950817,Bacteria,Verrucomicrobia,Verrucomicrobiae,Pedosphaerales,Pedosphaeraceae,uncultured bacterium,uncultured bacterium,28
36baafb4399b3f9a3b3c982fb08d723c,Bacteria,Bacteroidetes,Bacteroidia,Flavobacteriales,Flavobacteriaceae,Aquimarina,Ambiguous_taxa,6
372a9db1684d5f090deed89272461e57,Bacteria,Proteobacteria,Alphaproteobacteria,Rickettsiales,Mitochondria,uncultured bacterium,uncultured bacterium,25
3802a8a5c790a0ba4d29419c8df739dd,Bacteria,Proteobacteria,Alphaproteobacteria,Rickettsiales,Mitochondria,marine metagenome,marine metagenome,6
3804df8f39988bb05121b602554e5160,Bacteria,Bacteroidetes,Bacteroidia,Flavobacteriales,NS9 marine group,Ambiguous_taxa,Ambiguous_taxa,18
3933492c805f7804e2c15d59785f54ef,Bacteria,Proteobacteria,Deltaproteobacteria,Bdellovibrionales,Bdellovibrionaceae,OM27 clade,OM27 clade bacterium,74
39451f3bca34f286f3180a138499c492,Bacteria,Bacteroidetes,Bacteroidia,Cytophagales,Hymenobacteraceae,Hymenobacter,Hymenobacter bacterium,9
3ab84f850e66a7bd7d46498f6f49098b,Bacteria,Proteobacteria,Deltaproteobacteria,Bdellovibrionales,Bdellovibrionaceae,OM27 clade,uncultured marine microorganism,2
3b0a1309cd1934a0a8f629d3c44060ed,Bacteria,Proteobacteria,Gammaproteobacteria,Coxiellales,Coxiellaceae,Coxiella,uncultured marine microorganism,20
3cc16fb5b5c0dcd00987d1366dcc7dcd,Bacteria,Bacteroidetes,Bacteroidia,Flavobacteriales,Flavobacteriaceae,Maribacter,Ambiguous_taxa,4
3d8f5cd441e79a001a0e7e6046b96396,Bacteria,Cyanobacteria,Oxyphotobacteria,Synechococcales,Cyanobiaceae,Synechococcus CC9902,Synechococcus CC9902 bacterium,576
3e52f3458c3b865785d4cc5448ca2687,Bacteria,Proteobacteria,Alphaproteobacteria,Rhodobacterales,Rhodobacteraceae,Ascidiaceihabitans,Ambiguous_taxa,7
3e72b8de860ab796bf7f5dde632be5c9,Bacteria,Verrucomicrobia,Verrucomicrobiae,Opitutales,Puniceicoccaceae,Pelagicoccus,uncultured gamma proteobacterium,64
406ea67f06c900d983a51ddbf6d5b370,Bacteria,Proteobacteria,Gammaproteobacteria,Cellvibrionales,Spongiibacteraceae,BD1-7 clade,Ambiguous_taxa,38
40d41641d7a1cab3074099841aa5f85c,Bacteria,Bacteroidetes,Bacteroidia,Flavobacteriales,NS9 marine group,NS9 marine group bacterium,NS9 marine group bacterium,39
42185dbfd5d1d856290d248b0f81f1cf,Bacteria,Proteobacteria,Gammaproteobacteria,SAR86 clade,Ambiguous_taxa,Ambiguous_taxa,Ambiguous_taxa,7
422baec1f993b1a638f226a650c99766,Bacteria,Proteobacteria,Gammaproteobacteria,Cellvibrionales,Halieaceae,Halioglobus,Halioglobus bacterium,6
428b40978a90c382522874275a51f79a,Bacteria,Proteobacteria,Alphaproteobacteria,Rickettsiales,Mitochondria,uncultured bacterium,uncultured bacterium,16
44029e3c2e53b6229e58ff670619b0bd,Bacteria,Actinobacteria,Acidimicrobiia,Microtrichales,Microtrichaceae,Sva0996 marine group,Sva0996 marine group bacterium,10
46365653fddb0b6c2993c64d68e37435,Bacteria,Bacteroidetes,Bacteroidia,Flavobacteriales,NS9 marine group,NS9 marine group bacterium,NS9 marine group bacterium,140
46549d00f59f164dcf016baf62e97dbe,Bacteria,Proteobacteria,Alphaproteobacteria,Rickettsiales,Mitochondria,uncultured bacterium,uncultured bacterium,20
46f6f2768e6571434f293b6729694100,Bacteria,Proteobacteria,Deltaproteobacteria,NB1-j,uncultured prokaryote,uncultured prokaryote,uncultured prokaryote,86
4759505670696cb45a89cd1e66fd27a6,Bacteria,Proteobacteria,Deltaproteobacteria,Myxococcales,Blfdi19,Ambiguous_taxa,Ambiguous_taxa,122
487da22a15f99a52855773e36f5d4c7e,Bacteria,Bacteroidetes,Bacteroidia,Flavobacteriales,Crocinitomicaceae,Fluviicola,uncultured marine bacterium,17
4a1c5fc2af1e245ed233e5ca5263bc34,Bacteria,Proteobacteria,Gammaproteobacteria,Vibrionales,Vibrionaceae,Vibrio,Vibrio bacterium,11
4a935b65c6ca0760c1a29caccccbcf62,Bacteria,Proteobacteria,Alphaproteobacteria,Micavibrionales,Micavibrionales bacterium,Micavibrionales bacterium,Micavibrionales bacterium,2
4cfa27e7966d8535a6d0a26e98d94dae,Bacteria,Proteobacteria,Alphaproteobacteria,Rhodobacterales,Rhodobacteraceae,Thalassobius,uncultured bacterium,31
4e3245724ee7704d9506b06e80e6917d,Bacteria,Planctomycetes,Phycisphaerae,Phycisphaerales,Phycisphaeraceae,JL-ETNP-F27,uncultured planctomycete,14
4e9fde847b23d033e1b041dc5d210439,Bacteria,Proteobacteria,Gammaproteobacteria,Cellvibrionales,Spongiibacteraceae,BD1-7 clade,Ambiguous_taxa,22
4f171b2257a664ed7148e94ce05ad87c,Bacteria,Planctomycetes,Phycisphaerae,Phycisphaerales,Phycisphaeraceae,JL-ETNP-F27,Ambiguous_taxa,7
51b7bdf95f084982e0f034b5542986bd,Bacteria,Bacteroidetes,Bacteroidia,Flavobacteriales,Flavobacteriaceae,uncultured,uncultured marine bacterium,110
52d97df581b6fda1aa8bba96d437ff36,Bacteria,Proteobacteria,Alphaproteobacteria,Rhodobacterales,Rhodobacteraceae,Ascidiaceihabitans,Ambiguous_taxa,48
531abeb510e182dfee85e6579c0ab60b,Bacteria,Proteobacteria,Alphaproteobacteria,Rhodobacterales,Rhodobacteraceae,Sulfitobacter,Ambiguous_taxa,5
53ab8b177f3b1f2b33bbfb5813e74be6,Bacteria,Proteobacteria,Gammaproteobacteria,Betaproteobacteriales,Nitrosomonadaceae,Nitrosomonas,uncultured bacterium,44
54c00bf8184c01281e00015987c8bfdf,Bacteria,Hydrogenedentes,Hydrogenedentia,Hydrogenedentiales,Hydrogenedensaceae,uncultured bacterium,uncultured bacterium,4
551e7be0c70d5a805a3cb4ac208d1b56,Bacteria,Proteobacteria,Deltaproteobacteria,Bdellovibrionales,Bdellovibrionaceae,OM27 clade,Ambiguous_taxa,96
553ec9e418b2885d792c9a3b00385b61,Bacteria,Bacteroidetes,Bacteroidia,Flavobacteriales,Flavobacteriaceae,Winogradskyella,Ambiguous_taxa,21
5556427308f27c2bac8d992d50706b06,Bacteria,Proteobacteria,Alphaproteobacteria,Rickettsiales,Mitochondria,uncultured bacterium,uncultured bacterium,10
5623a932ace577bbcad9b0f70414ad2a,Bacteria,Marinimicrobia (SAR406 clade),uncultured marine bacterium,uncultured marine bacterium,uncultured marine bacterium,uncultured marine bacterium,uncultured marine bacterium,225
56e37ae95d951f39d70a59ca9c0f7ab2,Bacteria,Bacteroidetes,Bacteroidia,Chitinophagales,Saprospiraceae,Aureispira,uncultured Saprospiraceae bacterium,2
57b3beebda7862a64be26dc80e2863c2,Bacteria,Proteobacteria,Gammaproteobacteria,SAR86 clade,uncultured marine bacterium,uncultured marine bacterium,uncultured marine bacterium,367
588253f8c914de60cbb9577946854a39,Bacteria,Proteobacteria,Alphaproteobacteria,SAR11 clade,Clade I,Clade Ia,Clade Ia bacterium,178
59c394f6c1f70f0e815b1b9c0fadebc7,Bacteria,Proteobacteria,Deltaproteobacteria,PB19,uncultured bacterium,uncultured bacterium,uncultured bacterium,21
5a038bf076f4eccf24e57b1b8579f566,Bacteria,Bacteroidetes,Bacteroidia,Chitinophagales,Chitinophagaceae,Sediminibacterium,Ambiguous_taxa,25
5a7036f914f86c398381b62f84f23bee,Bacteria,Bacteroidetes,Bacteroidia,Flavobacteriales,NS7 marine group,uncultured bacterium,uncultured bacterium,30
5a94578dd1d7cdd039a52f1c7079f874,Bacteria,Bacteroidetes,Bacteroidia,Flavobacteriales,Flavobacteriaceae,uncultured,uncultured marine bacterium,82
5b778c03adc6d57ec99930143ad44518,Bacteria,Bacteroidetes,Bacteroidia,Flavobacteriales,Cryomorphaceae,uncultured,uncultured Bacteroidetes bacterium,24
5b90f5ad96fee60584ae482aa005d594,Bacteria,Bacteroidetes,Bacteroidia,Flavobacteriales,Flavobacteriaceae,NS4 marine group,NS4 marine group bacterium,40
5c2bed202a1b73ea106e0a3c2a39443b,Bacteria,Proteobacteria,Deltaproteobacteria,Bradymonadales,uncultured delta proteobacterium,uncultured delta proteobacterium,uncultured delta proteobacterium,11
5c732fa1fcd37fb805cd85824000d208,Bacteria,Proteobacteria,Gammaproteobacteria,Pseudomonadales,Moraxellaceae,Acinetobacter,Acinetobacter bacterium,17
5e77fe1f72cd555bc658081272084b80,Bacteria,Proteobacteria,Deltaproteobacteria,Bdellovibrionales,Bdellovibrionaceae,OM27 clade,Ambiguous_taxa,60
5f65d87ad5d03ee9410c2cde5f4e47f5,Bacteria,Proteobacteria,Gammaproteobacteria,Betaproteobacteriales,Methylophilaceae,OM43 clade,OM43 clade bacterium,93
5f7c52ad456a08cd750a5d1f866fed9d,Bacteria,Proteobacteria,Alphaproteobacteria,Rickettsiales,Mitochondria,uncultured bacterium,uncultured bacterium,48
5ff0c8de3284360ad3c5cfa24af2baad,Bacteria,Bacteroidetes,Bacteroidia,Flavobacteriales,Flavobacteriaceae,Croceibacter,Ambiguous_taxa,7
612eea416d86d3bfa5f5da4785e1f55c,Bacteria,Proteobacteria,Alphaproteobacteria,Rhodospirillales,Rhodospirillaceae,uncultured,uncultured alpha proteobacterium,10
61b60843a4663890acce6f426e41bf26,Bacteria,Proteobacteria,Alphaproteobacteria,Rickettsiales,Mitochondria,uncultured bacterium,uncultured bacterium,12
6388564e4b25815b40d34be01eb2c574,Bacteria,Bacteroidetes,Bacteroidia,Flavobacteriales,NS9 marine group,seawater metagenome,seawater metagenome,50
6400e376cf9bf5c1f123765a39703ada,Bacteria,Actinobacteria,Acidimicrobiia,Microtrichales,Ilumatobacteraceae,Ilumatobacter,Ambiguous_taxa,11
6512ee8f9cd37f0183837db104dbdc43,Bacteria,Bacteroidetes,Bacteroidia,Flavobacteriales,Cryomorphaceae,uncultured,uncultured Bacteroidetes bacterium,6
6535f44f34ab933cad7265fa384ce933,Bacteria,Bacteroidetes,Bacteroidia,Flavobacteriales,Flavobacteriaceae,Formosa,Formosa bacterium,274
654dc88cca10f108ccd52768bb724d04,Bacteria,Bacteroidetes,Bacteroidia,Flavobacteriales,NS9 marine group,uncultured marine bacterium,uncultured marine bacterium,58
659ed5c028a49ac18495504f2073e0bb,Bacteria,Bacteroidetes,Bacteroidia,Cytophagales,Cyclobacteriaceae,Marinoscillum,Marinoscillum bacterium,8
65c991d9e79fbbd468439728838f0518,Bacteria,Actinobacteria,Acidimicrobiia,Microtrichales,Microtrichaceae,Sva0996 marine group,uncultured organism,22
6600b54e7108558c017a337b3e21a197,Bacteria,Proteobacteria,Deltaproteobacteria,Oligoflexales,Oligoflexaceae,Pseudobacteriovorax,Ambiguous_taxa,6
66da06b084558a67f524e3a6dcf1bf82,Bacteria,Bacteroidetes,Bacteroidia,Flavobacteriales,NS7 marine group,Ambiguous_taxa,Ambiguous_taxa,70
67901cb30c8b7ff5bb634ea7db26c739,Bacteria,Fibrobacteres,Fibrobacteria,Fibrobacterales,Fibrobacteraceae,uncultured,uncultured Fibrobacteres bacterium,25
67c219dd54817c53f58880534a725dee,Bacteria,Proteobacteria,Gammaproteobacteria,Alteromonadales,Marinobacteraceae,Marinobacter,Marinobacter bacterium,241
688550e839137d4b55c6e4e7a98c82dc,Bacteria,Proteobacteria,Gammaproteobacteria,Cellvibrionales,Halieaceae,OM60(NOR5) clade,OM60(NOR5) clade bacterium,244
698829bdafbb9dc68772e4bd8f8d3443,Bacteria,Proteobacteria,Gammaproteobacteria,Coxiellales,Coxiellaceae,Coxiella,uncultured marine bacterium,11
69e6f1fc75b553950e23c18e2c54b01a,Bacteria,Proteobacteria,Alphaproteobacteria,Rickettsiales,Mitochondria,uncultured bacterium,uncultured bacterium,35
69eba855e45cc168dfbaf5319c8131f2,Bacteria,Bacteroidetes,Bacteroidia,Cytophagales,Hymenobacteraceae,Hymenobacter,Hymenobacter terrenus,7
6a400ce3f5a85962955c0083dcc944c1,Bacteria,Proteobacteria,Alphaproteobacteria,Rickettsiales,Mitochondria,uncultured bacterium,uncultured bacterium,23
6b781b3bd65739cb18dbdd01b89ab43d,Bacteria,Proteobacteria,Gammaproteobacteria,Betaproteobacteriales,Burkholderiaceae,Burkholderiaceae bacterium,Burkholderiaceae bacterium,20
6b9525193ccb8cd5ed6f1f369dba3cfd,Bacteria,Proteobacteria,Deltaproteobacteria,Bdellovibrionales,Bdellovibrionaceae,OM27 clade,OM27 clade bacterium,3
6c96a1695f90c8c98ef17b98af81c5b3,Bacteria,Proteobacteria,Alphaproteobacteria,Caulobacterales,Caulobacteraceae,Brevundimonas,Brevundimonas bacterium,36
6e017fda1d78a3b5bd108baa48e093f9,Bacteria,Verrucomicrobia,Verrucomicrobiae,Opitutales,Opitutaceae,Cephaloticoccus,Ambiguous_taxa,17
71a33c961f2ca92f6ce97184fcb81f01,Bacteria,Bacteroidetes,Bacteroidia,Chitinophagales,Saprospiraceae,Lewinella,uncultured marine bacterium,6
72c60ec3481cff614de30886d5c36f1c,Bacteria,Bacteroidetes,Bacteroidia,Flavobacteriales,Schleiferiaceae,Schleiferia,Schleiferia bacterium,27
72f34b7c54439a2cbcb83ea7d7dfbb1d,Bacteria,Proteobacteria,Alphaproteobacteria,Rickettsiales,Mitochondria,uncultured bacterium,uncultured bacterium,5
7351aa84c90def9240e56aee9f5d6623,Bacteria,Proteobacteria,Gammaproteobacteria,Cellvibrionales,Porticoccaceae,Porticoccus,uncultured marine bacterium,4
748745504544e23bc1b811f7fae35658,Bacteria,Proteobacteria,Gammaproteobacteria,Cellvibrionales,Halieaceae,OM60(NOR5) clade,OM60(NOR5) clade bacterium,252
75806b3b6f7236b36a35cd1d98b83f8c,Bacteria,Verrucomicrobia,Verrucomicrobiae,Opitutales,Puniceicoccaceae,Lentimonas,Ambiguous_taxa,8
76ae1cf252c043e4e446310b2287b209,Bacteria,Acidobacteria,Blastocatellia (Subgroup 4),Blastocatellales,Blastocatellaceae,Blastocatella,Blastocatella bacterium,18
77c4e97a46062a3e2d42b4092755887a,Bacteria,Bacteroidetes,Bacteroidia,Flavobacteriales,NS9 marine group,Ambiguous_taxa,Ambiguous_taxa,30
79034543545874704961c1c87f21c127,Bacteria,Proteobacteria,Gammaproteobacteria,Cellvibrionales,Halieaceae,Halieaceae bacterium,Halieaceae bacterium,417
7a2aee24054fc5614d127025c3903048,Bacteria,Proteobacteria,Gammaproteobacteria,Pseudomonadales,Moraxellaceae,Psychrobacter,Psychrobacter bacterium,50
7c49cc94b800e0e63489184774ddc57c,Bacteria,Proteobacteria,Deltaproteobacteria,Desulfarculales,Desulfarculaceae,uncultured,Ambiguous_taxa,92
7d13dad4cb9c4076e81815e263c1e9bf,Bacteria,Proteobacteria,Alphaproteobacteria,Micavibrionales,Micavibrionaceae,uncultured,uncultured bacterium,5
7f7463b43f54eeca33612b025968e340,Bacteria,Proteobacteria,Gammaproteobacteria,Oceanospirillales,Halomonadaceae,Halomonas,Halomonas bacterium,6
7f9aa2cd20918fd1d56408517393da79,Bacteria,Proteobacteria,Gammaproteobacteria,Ga0077536,Ambiguous_taxa,Ambiguous_taxa,Ambiguous_taxa,6
7fe45e69327c7995d25cc77118bc2648,Bacteria,Planctomycetes,Planctomycetacia,Planctomycetales,Gimesiaceae,uncultured,uncultured bacterium,84
82d1ba8a176e63a1063d823667a90e65,Bacteria,Proteobacteria,Gammaproteobacteria,uncultured,uncultured bacterium,uncultured bacterium,uncultured bacterium,8
83d210e2b37fd46ab9d0de8896b6d263,Bacteria,Marinimicrobia (SAR406 clade),uncultured bacterium,uncultured bacterium,uncultured bacterium,uncultured bacterium,uncultured bacterium,56
844d476a5ed24c0f51864c5dce6be52d,Bacteria,Verrucomicrobia,Verrucomicrobiae,Opitutales,Puniceicoccaceae,MB11C04 marine group,Ambiguous_taxa,4
84905da6611fed3462a8ccb017ad4618,Bacteria,Bacteroidetes,Bacteroidia,Chitinophagales,uncultured,uncultured Bacteroidetes/Chlorobi group bacterium,uncultured Bacteroidetes/Chlorobi group bacterium,22
84a23c58636e70158a8023a00735e0d4,Bacteria,Verrucomicrobia,Verrucomicrobiae,Pedosphaerales,Pedosphaeraceae,SCGC AAA164-E04,Ambiguous_taxa,206
855d4af95a93bb619d125d76b2f6bb87,Bacteria,Planctomycetes,Planctomycetacia,Planctomycetales,Rubinisphaeraceae,uncultured,Ambiguous_taxa,51
85a945d9f021be5f9fb57da4ea53f421,Bacteria,Marinimicrobia (SAR406 clade),Marinimicrobia (SAR406 clade) bacterium,Marinimicrobia (SAR406 clade) bacterium,Marinimicrobia (SAR406 clade) bacterium,Marinimicrobia (SAR406 clade) bacterium,Marinimicrobia (SAR406 clade) bacterium,20
86273ebbc8a2ba11f80e6482e7f07554,Bacteria,Proteobacteria,Gammaproteobacteria,Betaproteobacteriales,Burkholderiaceae,Janthinobacterium,Janthinobacterium bacterium,56
86e11979447db480be6d0f783550c690,Bacteria,Bacteroidetes,Bacteroidia,Flavobacteriales,NS9 marine group,uncultured marine bacterium,uncultured marine bacterium,77
882e0de9056d8d06c0973aa7b116e09e,Bacteria,Proteobacteria,Alphaproteobacteria,Rhizobiales,Beijerinckiaceae,Methylobacterium,Methylobacterium radiotolerans,21
883a69e8bea165fadbb62179e2aa3678,Bacteria,Bacteroidetes,Bacteroidia,Flavobacteriales,NS9 marine group,Ambiguous_taxa,Ambiguous_taxa,11
89987476e2cf53213943fa9e7f059aa6,Bacteria,Proteobacteria,Alphaproteobacteria,Rickettsiales,Mitochondria,uncultured bacterium,uncultured bacterium,24
8aad8343c4681ae2701dd386c4b857d9,Bacteria,Bacteroidetes,Bacteroidia,Flavobacteriales,Flavobacteriaceae,uncultured,uncultured marine bacterium,209
8ba05b4cfce08ee070d9ca7b675828d7,Bacteria,Proteobacteria,Gammaproteobacteria,Steroidobacterales,Woeseiaceae,Woeseia,uncultured bacterium,27
8c1275fa64c0baa00c5a77d22be70599,Bacteria,Proteobacteria,Deltaproteobacteria,SAR324 clade(Marine group B),Ambiguous_taxa,Ambiguous_taxa,Ambiguous_taxa,13
8c7146307628fdf05429ceed76135848,Bacteria,Bacteroidetes,Bacteroidia,Flavobacteriales,Flavobacteriaceae,Ulvibacter,uncultured marine bacterium,258
8ca684619c9d95e3e873f83a21db7860,Bacteria,Bacteroidetes,Bacteroidia,Flavobacteriales,NS9 marine group,Ambiguous_taxa,Ambiguous_taxa,4
8caf011ca3807d8125032732918a3785,Bacteria,Proteobacteria,Alphaproteobacteria,SAR11 clade,Ambiguous_taxa,Ambiguous_taxa,Ambiguous_taxa,7
8d9c471a2ad026e7af47074799ff26f9,Bacteria,Bacteroidetes,Bacteroidia,Flavobacteriales,Flavobacteriaceae,Flavobacterium,Flavobacterium bacterium,48
8e2c45f1a8ddec1cd0fa8e727d722ecb,Bacteria,Bacteroidetes,Bacteroidia,Flavobacteriales,Crocinitomicaceae,Crocinitomix,Ambiguous_taxa,620
9022be68b7db869b9f5b533e9b2d0025,Bacteria,Proteobacteria,Gammaproteobacteria,KI89A clade,uncultured marine bacterium,uncultured marine bacterium,uncultured marine bacterium,7
90fc078f6a1cc917e3529d765270b60d,Bacteria,Planctomycetes,OM190,OM190 bacterium,OM190 bacterium,OM190 bacterium,OM190 bacterium,42
930c2a7942e6e1a0569e9e82fbd13b11,Bacteria,Proteobacteria,Deltaproteobacteria,Bdellovibrionales,Bdellovibrionaceae,OM27 clade,OM27 clade bacterium,4
947eca43db88bfe1e67c4fb06e4d15a4,Bacteria,Nitrospinae,Nitrospinia,Nitrospinales,Nitrospinaceae,LS-NOB,LS-NOB bacterium,18
94a99e69c6f5040f1f7f0b3a69617972,Bacteria,Nitrospinae,Nitrospinia,Nitrospinales,Nitrospinaceae,Nitrospina,Nitrospina bacterium,19
94b95778661c80deff6669067b14b69f,Bacteria,Bacteroidetes,Bacteroidia,Flavobacteriales,Cryomorphaceae,uncultured,uncultured Owenweeksia sp.,76
9605ae37ca92c5a2fca2176e173d6ac4,Bacteria,Proteobacteria,Gammaproteobacteria,Alteromonadales,Marinobacteraceae,Marinobacter,Ambiguous_taxa,11
963e77e97dcd571262c1769f23083353,Bacteria,Bacteroidetes,Bacteroidia,Sphingobacteriales,NS11-12 marine group,Ambiguous_taxa,Ambiguous_taxa,16
98747227cd8c0fa69789f7de543264e4,Bacteria,Proteobacteria,Alphaproteobacteria,Rickettsiales,Midichloriaceae,MD3-55,Ambiguous_taxa,4
99aa8ea7e4b238f3f04572e1d31c295c,Bacteria,Bacteroidetes,Bacteroidia,Flavobacteriales,NS7 marine group,NS7 marine group bacterium,NS7 marine group bacterium,29
9b6a7459b2c92cee0abfc36d503488b7,Bacteria,Proteobacteria,Alphaproteobacteria,Caulobacterales,Caulobacteraceae,Brevundimonas,Brevundimonas bacterium,81
9ba0ef553b307f3ae5e25a0fafb48342,Bacteria,Bacteroidetes,Bacteroidia,Flavobacteriales,Flavobacteriaceae,NS5 marine group,Ambiguous_taxa,10
9cc45e7881fd7207ede31c9a1ab9d7a8,Bacteria,Proteobacteria,Alphaproteobacteria,Kordiimonadales,uncultured,uncultured bacterium,uncultured bacterium,31
9cf9af36227d790fe666f6f98f93d50f,Bacteria,Bacteroidetes,Bacteroidia,Flavobacteriales,Crocinitomicaceae,Salinirepens,uncultured bacterium,18
9dc156f0f9d6869bde30e1a551946027,Bacteria,Planctomycetes,Phycisphaerae,Phycisphaerales,Phycisphaeraceae,CL500-3,Ambiguous_taxa,56
9e180ba738f7d671c351ac91ac620cdd,Bacteria,Proteobacteria,Gammaproteobacteria,UBA10353 marine group,UBA10353 marine group bacterium,UBA10353 marine group bacterium,UBA10353 marine group bacterium,41
9e77cc45cb705e6d1e5303c1f74c9a38,Bacteria,Planctomycetes,Pla3 lineage,Ambiguous_taxa,Ambiguous_taxa,Ambiguous_taxa,Ambiguous_taxa,283
9fd2766327f54c47e122a5951f0a8c3a,Bacteria,Gemmatimonadetes,BD2-11 terrestrial group,Ambiguous_taxa,Ambiguous_taxa,Ambiguous_taxa,Ambiguous_taxa,51
a0f65691fe0f63902306b39a88d3faa2,Bacteria,Proteobacteria,Gammaproteobacteria,Betaproteobacteriales,Burkholderiaceae,Cupriavidus,Ambiguous_taxa,34
a2b73c414910bf63bc8b9b0694dbab7d,Bacteria,Proteobacteria,Gammaproteobacteria,Nitrosococcales,Methylophagaceae,Methylophaga,Methylophaga bacterium,13
a594a2db0ceea408a3931a4465c05420,Bacteria,Actinobacteria,Actinobacteria,Corynebacteriales,Nocardiaceae,Rhodococcus,Rhodococcus bacterium,45
a6590f1533a528f75f7ecead9481ee1f,Bacteria,Planctomycetes,Phycisphaerae,Phycisphaerales,Phycisphaeraceae,CL500-3,Ambiguous_taxa,193
a81536756ee785331b16193a4598399f,Bacteria,Proteobacteria,Alphaproteobacteria,Rickettsiales,Mitochondria,Proteobacteria bacterium JGI 0000113-D06,Proteobacteria bacterium JGI 0000113-D06,65
a84e0825c42f92fd20f2e7fd2630ce59,Bacteria,Planctomycetes,OM190,OM190 bacterium,OM190 bacterium,OM190 bacterium,OM190 bacterium,366
a91d00ff54a57a7e0b4f1e19e86c72ef,Bacteria,Proteobacteria,Gammaproteobacteria,Betaproteobacteriales,Nitrosomonadaceae,IS-44,uncultured marine bacterium,39
aa326dcf37d7990e9282e82907142108,Bacteria,Proteobacteria,Deltaproteobacteria,Bdellovibrionales,Bdellovibrionaceae,Bdellovibrio,Bdellovibrio bacterium,5
aa70f9d1cf8f020764c80eebf22f4f01,Bacteria,Proteobacteria,Deltaproteobacteria,Bdellovibrionales,Bdellovibrionaceae,OM27 clade,uncultured delta proteobacterium,7
aa7ca5c8bb9856bf303c966dead80edc,Bacteria,Proteobacteria,Gammaproteobacteria,SAR86 clade,uncultured gamma proteobacterium,uncultured gamma proteobacterium,uncultured gamma proteobacterium,38
ac9c170534fc684c3b3ff23595277b9e,Bacteria,Bacteroidetes,Bacteroidia,Cytophagales,Cyclobacteriaceae,uncultured,uncultured bacterium,82
ac9f56eb5dbfc3dc6b168fc73fc6c34c,Bacteria,Proteobacteria,Alphaproteobacteria,Rhodobacterales,Rhodobacteraceae,Rhodobacteraceae bacterium,Rhodobacteraceae bacterium,315
ae73b77f8bde15b64fcd13a24d70f3bd,Bacteria,Proteobacteria,Gammaproteobacteria,Cellvibrionales,Halieaceae,OM60(NOR5) clade,OM60(NOR5) clade bacterium,160
af4ec853b8f3af897984b19fd4b71d91,Bacteria,Proteobacteria,Alphaproteobacteria,Rhodobacterales,Rhodobacteraceae,Planktomarina,Planktomarina bacterium,80
afb7d45c7ac635614787ce82d123cffe,Bacteria,Planctomycetes,Planctomycetacia,Pirellulales,Pirellulaceae,Rubripirellula,Rubripirellula bacterium,195
b058e3bd5a591636bf48d102424f2055,Bacteria,Proteobacteria,Alphaproteobacteria,uncultured,uncultured bacterium,uncultured bacterium,uncultured bacterium,33
b23205d6cae1d79a8905b605ae6a8972,Bacteria,Proteobacteria,Alphaproteobacteria,Rhodobacterales,Rhodobacteraceae,Rhodobacteraceae bacterium,Rhodobacteraceae bacterium,1
b26e9719b37840216a3b93669d4a6490,Bacteria,Marinimicrobia (SAR406 clade),uncultured marine bacterium,uncultured marine bacterium,uncultured marine bacterium,uncultured marine bacterium,uncultured marine bacterium,16
b32230f64a8ab7615b0f2f0bb5a532fe,Bacteria,Bacteroidetes,Bacteroidia,Flavobacteriales,Flavobacteriaceae,NS5 marine group,uncultured marine bacterium,62
b33da229af336ceaf0f5f3ff5926437a,Bacteria,Proteobacteria,Deltaproteobacteria,PB19,PB19 bacterium,PB19 bacterium,PB19 bacterium,61
b37a3c497c1032bbc0ff6d608cb0ecdf,Bacteria,Verrucomicrobia,Verrucomicrobiae,Arctic97B-4 marine group,uncultured bacterium,uncultured bacterium,uncultured bacterium,17
b39ddcbd6d5f7b39ff42df4aa3b52f98,Bacteria,Chloroflexi,Dehalococcoidia,SAR202 clade,Ambiguous_taxa,Ambiguous_taxa,Ambiguous_taxa,5
b43028c70c0f374f5c18bb2e6d3c7287,Bacteria,Proteobacteria,Alphaproteobacteria,Puniceispirillales,SAR116 clade,SAR116 clade bacterium,SAR116 clade bacterium,48
b43e2e7c8457ab602da3de2fc739d767,Bacteria,Planctomycetes,OM190,uncultured planctomycete,uncultured planctomycete,uncultured planctomycete,uncultured planctomycete,94
b50ca2360275a79aa6f452092280b6bf,Bacteria,Proteobacteria,Gammaproteobacteria,Oceanospirillales,Alcanivoracaceae,Alcanivorax,uncultured Alcanivorax sp.,90
b5766d3d9e7204989d0c989862a30083,Bacteria,Bacteroidetes,Bacteroidia,Flavobacteriales,Cryomorphaceae,uncultured,metagenome,36
b8bb9acc65aeb1dc365e4dbb6ce4dca1,Bacteria,Proteobacteria,Gammaproteobacteria,Vibrionales,Vibrionaceae,Vibrionaceae bacterium,Vibrionaceae bacterium,10
b8e1c5308a4a3c7d6da775cfe538654e,Bacteria,Proteobacteria,Deltaproteobacteria,PB19,uncultured marine bacterium,uncultured marine bacterium,uncultured marine bacterium,61
b8f3b83dcde2248285c759fffa652e95,Bacteria,Bacteroidetes,Bacteroidia,Flavobacteriales,Flavobacteriaceae,Flavobacteriaceae bacterium,Flavobacteriaceae bacterium,64
b9be7b3a3bd5935cb5b3a8f7e2fa479e,Bacteria,Marinimicrobia (SAR406 clade),Marinimicrobia (SAR406 clade) bacterium,Marinimicrobia (SAR406 clade) bacterium,Marinimicrobia (SAR406 clade) bacterium,Marinimicrobia (SAR406 clade) bacterium,Marinimicrobia (SAR406 clade) bacterium,130
ba10bcab6998359330ae6f0776115ccb,Bacteria,Proteobacteria,Gammaproteobacteria,Alteromonadales,Pseudoalteromonadaceae,Pseudoalteromonas,Pseudoalteromonas bacterium,29
bd1acc8433c9d5a93f22dcba76db225d,Bacteria,Bacteroidetes,Bacteroidia,Flavobacteriales,NS9 marine group,NS9 marine group bacterium,NS9 marine group bacterium,106
bdf18e8980906003f3978e5ee578c9ea,Bacteria,Actinobacteria,Acidimicrobiia,Actinomarinales,Actinomarinaceae,Candidatus Actinomarina,uncultured marine bacterium,417
bfb4487b8c12c8c2c9cd205b5a96ff50,Bacteria,Kiritimatiellaeota,Kiritimatiellae,Kiritimatiellales,Kiritimatiellaceae,R76-B128,uncultured bacterium,7
c03234e6e2d8ab7515ca26b31ef7e475,Bacteria,Proteobacteria,Gammaproteobacteria,Oceanospirillales,Pseudohongiellaceae,Pseudohongiella,Pseudohongiella bacterium,40
c083d70bfb8ed45cc4a1cc02120ac27c,Bacteria,Planctomycetes,OM190,Ambiguous_taxa,Ambiguous_taxa,Ambiguous_taxa,Ambiguous_taxa,3
c0e1aabfc54d2ae92da58d823a653e31,Bacteria,Marinimicrobia (SAR406 clade),metagenome,metagenome,metagenome,metagenome,metagenome,283
c1a0a7fa6ce8e7fece58d186afbcb318,Bacteria,Bacteroidetes,Bacteroidia,Flavobacteriales,Cryomorphaceae,uncultured,Ambiguous_taxa,15
c1a7f68840c331f5a13d74750d5f4e04,Bacteria,Proteobacteria,Deltaproteobacteria,Bdellovibrionales,Bdellovibrionaceae,OM27 clade,Ambiguous_taxa,12
c492214a683d68effc0a1309247e4577,Bacteria,Proteobacteria,Deltaproteobacteria,Myxococcales,BIrii41,uncultured Sorangiineae bacterium,uncultured Sorangiineae bacterium,4
c497da3b39f30aceede6bec3b03cd100,Bacteria,Proteobacteria,Alphaproteobacteria,SAR11 clade,Clade I,Clade Ia,Clade Ia bacterium,446
c501af851bdc4bc1d06787c106f961d4,Bacteria,Bacteroidetes,Bacteroidia,Flavobacteriales,NS9 marine group,hydrothermal vent metagenome,hydrothermal vent metagenome,90
c5befebe5c4b5cd448f23e90da62b66c,Bacteria,Marinimicrobia (SAR406 clade),uncultured marine bacterium,uncultured marine bacterium,uncultured marine bacterium,uncultured marine bacterium,uncultured marine bacterium,27
c76526dd2767e5090c0b1e42096ddb92,Bacteria,Planctomycetes,Planctomycetacia,Planctomycetales,Gimesiaceae,uncultured,uncultured bacterium,63
cb1f7f367e2f9227fdac0a609a84056d,Bacteria,Proteobacteria,Gammaproteobacteria,Alteromonadales,Colwelliaceae,Colwellia,uncultured gamma proteobacterium,25
ce22a84fb500c4440ab080f514f1b94b,Bacteria,Proteobacteria,Deltaproteobacteria,Oligoflexales,Oligoflexaceae,Pseudobacteriovorax,Ambiguous_taxa,6
d208507257e675072fedccf70af0f744,Bacteria,Hydrogenedentes,Hydrogenedentia,Hydrogenedentiales,Hydrogenedensaceae,uncultured bacterium,uncultured bacterium,14
d24b2d62ecbe6c6d7c00e200b515fc8c,Bacteria,Proteobacteria,Deltaproteobacteria,Bdellovibrionales,Bdellovibrionaceae,OM27 clade,OM27 clade bacterium,5
d330f37685e41313dce439c233daf347,Bacteria,Bacteroidetes,Bacteroidia,Flavobacteriales,NS9 marine group,Ambiguous_taxa,Ambiguous_taxa,30
d4672665cae7bd10ed9f7a12b5169e9c,Bacteria,Bacteroidetes,Bacteroidia,Flavobacteriales,Cryomorphaceae,uncultured,uncultured bacterium,3
d5c1ad8e61fbfb400185080e0d03064e,Bacteria,Proteobacteria,Alphaproteobacteria,Rickettsiales,Mitochondria,uncultured bacterium,uncultured bacterium,3
d5c7ef3f21279707b9836dfe508d0c50,Bacteria,Proteobacteria,Alphaproteobacteria,Thalassobaculales,Nisaeaceae,OM75 clade,uncultured bacterium,12
d5d9df6ea7b324ad7463f76308f4e37b,Bacteria,Marinimicrobia (SAR406 clade),metagenome,metagenome,metagenome,metagenome,metagenome,44
d83a614d9fe99545a35f48b8a4baed83,Bacteria,Proteobacteria,Gammaproteobacteria,SAR86 clade,Ambiguous_taxa,Ambiguous_taxa,Ambiguous_taxa,7
d87f2bfd2896653d84fae6798587762c,Bacteria,Proteobacteria,Gammaproteobacteria,Arenicellales,Arenicellaceae,Arenicellaceae bacterium,Arenicellaceae bacterium,15
d99ea2afa59b049f463d9626672f889a,Bacteria,Bacteroidetes,Bacteroidia,Flavobacteriales,Flavobacteriaceae,Formosa,Formosa bacterium,115
db0e38d061ca6141c8e75420de8e97e3,Bacteria,Proteobacteria,Gammaproteobacteria,Ga0077536,Ambiguous_taxa,Ambiguous_taxa,Ambiguous_taxa,4
db4a9f3905f241956033bba425aab8ba,Bacteria,Bacteroidetes,Bacteroidia,Flavobacteriales,Cryomorphaceae,uncultured,uncultured bacterium,3
dd88ad790fd9da2a92bd6684e3361f01,Bacteria,Margulisbacteria,Margulisbacteria bacterium,Margulisbacteria bacterium,Margulisbacteria bacterium,Margulisbacteria bacterium,Margulisbacteria bacterium,3
de79b8eb9760b1144d5680be770425fa,Bacteria,Proteobacteria,Gammaproteobacteria,Betaproteobacteriales,Burkholderiaceae,Burkholderiaceae bacterium,Burkholderiaceae bacterium,9
e03add4a28829427234f61d8fefefdb5,Bacteria,Chloroflexi,Dehalococcoidia,SAR202 clade,Ambiguous_taxa,Ambiguous_taxa,Ambiguous_taxa,8
e262597dc2bc272499094c1c2fec3f55,Bacteria,Proteobacteria,Gammaproteobacteria,Salinisphaerales,Solimonadaceae,uncultured,uncultured bacterium,2
e3b091171808ddc09f40dc5c00cf1e77,Bacteria,Proteobacteria,Alphaproteobacteria,Rhodobacterales,Rhodobacteraceae,Roseobacter clade NAC11-7 lineage,Roseobacter clade NAC11-7 lineage bacterium,5
e3ec37a7a45e49e33898f42832ea982b,Bacteria,Proteobacteria,Gammaproteobacteria,Alteromonadales,Alteromonadaceae,Alteromonadaceae bacterium,Alteromonadaceae bacterium,170
e4bdf5fa6905a20813f939113addfdb6,Bacteria,Proteobacteria,Deltaproteobacteria,Bdellovibrionales,Bacteriovoracaceae,uncultured,Ambiguous_taxa,11
e5417c9544c6b8ade4ca3e333b8e9249,Bacteria,Bacteroidetes,Bacteroidia,Cytophagales,Cyclobacteriaceae,uncultured,Ambiguous_taxa,14
e688de2f5edc9aa066b03be13ae673b3,Bacteria,Proteobacteria,Alphaproteobacteria,Rhodospirillales,Magnetospiraceae,Magnetospira,uncultured bacterium,50
e69b44c95f09ce0118ee4ca15224bd31,Bacteria,Proteobacteria,Deltaproteobacteria,Bdellovibrionales,Bdellovibrionaceae,OM27 clade,Ambiguous_taxa,38
e6ab98ccdedff07a8176468d80fef34c,Bacteria,Proteobacteria,Alphaproteobacteria,Puniceispirillales,EF100-94H03,Ambiguous_taxa,Ambiguous_taxa,16
e6ddd1f6ce622c5526a14bc5cdc0a5fd,Bacteria,Proteobacteria,Alphaproteobacteria,Rhodospirillales,AEGEAN-169 marine group,Ambiguous_taxa,Ambiguous_taxa,15
e7131e7d39007c372bd5d6b4ec59f39d,Bacteria,Bacteroidetes,Bacteroidia,Flavobacteriales,NS9 marine group,uncultured marine bacterium,uncultured marine bacterium,3
e77a1e9caed761e50935a74dea3a1b66,Bacteria,Proteobacteria,Gammaproteobacteria,SAR86 clade,uncultured marine bacterium,uncultured marine bacterium,uncultured marine bacterium,24
e78756a832947dfb2f3ef7e6d7320c2a,Bacteria,Bacteroidetes,Bacteroidia,Flavobacteriales,Cryomorphaceae,uncultured,uncultured Owenweeksia sp.,43
e83666c98a00c69e3cb027043c19ce40,Bacteria,Planctomycetes,Phycisphaerae,Phycisphaerales,Phycisphaeraceae,CL500-3,Ambiguous_taxa,24
e85b1933ef64f12c11ff98e3399a6a1a,Bacteria,Bacteroidetes,Bacteroidia,Flavobacteriales,Flavobacteriaceae,Flavobacterium,uncultured Flavobacterium sp.,232
e94c43a6a4852fa204461351fbaaa24a,Bacteria,Cyanobacteria,Oxyphotobacteria,Synechococcales,Cyanobiaceae,Synechococcus CC9902,Ambiguous_taxa,238
e9803d89f88b3f2bc822705d9b4f4175,Bacteria,Verrucomicrobia,Verrucomicrobiae,Verrucomicrobiales,DEV007,uncultured Verrucomicrobia bacterium,uncultured Verrucomicrobia bacterium,14
ebc2aa7dfdb074cfd3d2ed2854d11947,Bacteria,Bacteroidetes,Rhodothermia,Rhodothermales,Rhodothermaceae,uncultured,uncultured Bacteroidetes bacterium,8
ed749967e8c8893673037ca2c3d06a85,Bacteria,Proteobacteria,Deltaproteobacteria,Bdellovibrionales,Bdellovibrionaceae,OM27 clade,OM27 clade bacterium,86
ee7447971f5beb5f9d3a59ecf0a62204,Bacteria,Proteobacteria,Alphaproteobacteria,Rickettsiales,Mitochondria,uncultured bacterium,uncultured bacterium,11
f04a8843b50a1c93fd808b6e2c41c462,Bacteria,Bacteroidetes,Bacteroidia,Cytophagales,Cyclobacteriaceae,uncultured,uncultured marine bacterium,63
f09cbf65297809ea6d6ff1a63ca0cfbe,Bacteria,Actinobacteria,Actinobacteria,Micrococcales,Microbacteriaceae,ML602J-51,Ambiguous_taxa,69
f0baacc5e93cf002dd47f25f71b01e7a,Bacteria,Proteobacteria,Gammaproteobacteria,Coxiellales,Coxiellaceae,Coxiella,Coxiella bacterium,55
f2227b68f59daa96a71c98e3f859f19b,Bacteria,Proteobacteria,Deltaproteobacteria,Myxococcales,P3OB-42,P3OB-42 bacterium,P3OB-42 bacterium,8
f285b42c5ed69360e69ea3573d384f82,Bacteria,Proteobacteria,Deltaproteobacteria,Myxococcales,Eel-36e1D6,uncultured bacterium,uncultured bacterium,108
f3258b848070b56c9247a700289cedee,Bacteria,Planctomycetes,OM190,OM190 bacterium,OM190 bacterium,OM190 bacterium,OM190 bacterium,331
f35e22bbc30a072caa6b6f67fb160027,Bacteria,Bacteroidetes,Bacteroidia,Flavobacteriales,Flavobacteriaceae,NS2b marine group,NS2b marine group bacterium,370
f46d4c2a94f6f4886535925d7f064e01,Bacteria,Proteobacteria,Alphaproteobacteria,Rickettsiales,Mitochondria,uncultured bacterium,uncultured bacterium,3
f67b9b261636939f1084516500c12dc8,Bacteria,Proteobacteria,Alphaproteobacteria,Rickettsiales,Mitochondria,uncultured bacterium,uncultured bacterium,23
f69b8df7b121686deff6335e7f1e0c4f,Bacteria,Proteobacteria,Alphaproteobacteria,SAR11 clade,Clade III,Ambiguous_taxa,Ambiguous_taxa,3
f8a186d994dcca6ac6fe9b6d16e5d016,Bacteria,Proteobacteria,Alphaproteobacteria,Rickettsiales,Mitochondria,Picochlorum sp. SENEW3,Picochlorum sp. SENEW3,19
fb294770fa4952deee1ae787b3bb3f7f,Bacteria,Proteobacteria,Gammaproteobacteria,Francisellales,Francisellaceae,Francisella,Ambiguous_taxa,22
fbaa0201fcf2b7a12b27ba7381675b10,Bacteria,Bacteroidetes,Bacteroidia,Cytophagales,Cyclobacteriaceae,uncultured,uncultured marine bacterium,24
fcf11ec8b80994412cebcb3c12ac3d58,Bacteria,Proteobacteria,Gammaproteobacteria,Oceanospirillales,Alcanivoracaceae,Alcanivorax,uncultured Alcanivorax sp.,203
fdcf10b7e0c7a561d5738c445fcccca8,Bacteria,Proteobacteria,Gammaproteobacteria,Betaproteobacteriales,Burkholderiaceae,Massilia,Massilia bacterium,51
fe2b5541f4d02110817638c209146359,Bacteria,Planctomycetes,Phycisphaerae,Phycisphaerales,Phycisphaeraceae,FS140-16B-02 marine group,uncultured bacterium,81
ff6664ed565feffd5c5b2e948edc4b96,Bacteria,Proteobacteria,Alphaproteobacteria,Rhizobiales,Beijerinckiaceae,Methylobacterium,Methylobacterium bacterium,13
ffc175c2edf6241e7e0d4d078560441c,Bacteria,Proteobacteria,Alphaproteobacteria,Rickettsiales,Mitochondria,uncultured bacterium,uncultured bacterium,6
2803d93aa6485ef09845dbe529a60e2d,Bacteria,Proteobacteria,Deltaproteobacteria,Bdellovibrionales,Bacteriovoracaceae,uncultured,Ambiguous_taxa,3
4e78bd5f1fa21e0d6bb41d4a5eb61b84,Bacteria,Gemmatimonadetes,BD2-11 terrestrial group,Ambiguous_taxa,Ambiguous_taxa,Ambiguous_taxa,Ambiguous_taxa,15
6d6bb5ed271e29f8cae2540d896c5b34,Bacteria,Proteobacteria,Gammaproteobacteria,Legionellales,Legionellaceae,uncultured,uncultured bacterium,4
b683f9ddd3c0b94af280fff370acafbf,Bacteria,Bacteroidetes,Bacteroidia,Flavobacteriales,Cryomorphaceae,uncultured,uncultured bacterium,4
34398b1c9c776a63f1461761d2f700a4,Bacteria,Proteobacteria,Alphaproteobacteria,Rickettsiales,Mitochondria,Mitochondria bacterium,Mitochondria bacterium,7
d4ead761f27c89c1b5cd2ff6f2513a7c,Bacteria,Proteobacteria,Alphaproteobacteria,Rhodobacterales,Rhodobacteraceae,Rhodobacteraceae bacterium,Rhodobacteraceae bacterium,13
16a6fd18101e8dd8d290203fb4675cfc,Bacteria,Bacteroidetes,Bacteroidia,Chitinophagales,Saprospiraceae,uncultured,uncultured Cytophaga sp.,10
2f7d6e4c1a44e4e04419f78a0cde33c0,Bacteria,Bacteroidetes,Bacteroidia,Flavobacteriales,Flavobacteriaceae,Flavobacterium,Flavobacterium bacterium,8
32855ce99c7399b3efb860d0b0fde896,Bacteria,Bacteroidetes,Bacteroidia,Flavobacteriales,Flavobacteriaceae,Winogradskyella,Winogradskyella bacterium,9
3712a02b39bb4b67d04488b3c54d0741,Bacteria,Proteobacteria,Deltaproteobacteria,Bdellovibrionales,Bdellovibrionaceae,OM27 clade,uncultured delta proteobacterium,2
44d199c769b22c0426cc90efa85277ec,Bacteria,Margulisbacteria,uncultured bacterium,uncultured bacterium,uncultured bacterium,uncultured bacterium,uncultured bacterium,6
610b18a7d4e26accb097fe2608f0bfeb,Bacteria,Proteobacteria,Deltaproteobacteria,NB1-j,uncultured bacterium,uncultured bacterium,uncultured bacterium,2
625c0376e488dc7940d3fec49e37c799,Bacteria,Proteobacteria,Alphaproteobacteria,Rhodospirillales,Magnetospiraceae,uncultured,Ambiguous_taxa,2
655123df6d495f69b261a7bea59905c9,Bacteria,Actinobacteria,Acidimicrobiia,Actinomarinales,uncultured,Ambiguous_taxa,Ambiguous_taxa,2
70100b3fd0b491b6583c38df85d7603f,Bacteria,Proteobacteria,Alphaproteobacteria,Rickettsiales,Mitochondria,marine metagenome,marine metagenome,7
73c6630c10b0ace636f86290d1ed45f2,Bacteria,Proteobacteria,Deltaproteobacteria,NB1-j,Ambiguous_taxa,Ambiguous_taxa,Ambiguous_taxa,10
792236a990ee16fdb96f22d2f1483b22,Bacteria,Proteobacteria,Deltaproteobacteria,PB19,PB19 bacterium,PB19 bacterium,PB19 bacterium,6
7e53515c2d69faeea45f5fba68c68318,Bacteria,Planctomycetes,OM190,Ambiguous_taxa,Ambiguous_taxa,Ambiguous_taxa,Ambiguous_taxa,13
9ec2b64bae855815feb99259bee5901a,Bacteria,Proteobacteria,Gammaproteobacteria,Cellvibrionales,Spongiibacteraceae,BD1-7 clade,BD1-7 clade bacterium,7
ab6e92bb518c114f8a2045393a42aa4a,Bacteria,Proteobacteria,Gammaproteobacteria,Gammaproteobacteria Incertae Sedis,Unknown Family,uncultured,Ambiguous_taxa,8
b831ce9eabf48b8c9b1077f3ef97cf6e,Bacteria,Bacteroidetes,Bacteroidia,Flavobacteriales,Flavobacteriaceae,Flavobacteriaceae bacterium,Flavobacteriaceae bacterium,13
c63c5df0ca11d296ced6f22cdc3d70b0,Bacteria,Proteobacteria,Deltaproteobacteria,Bdellovibrionales,Bdellovibrionaceae,OM27 clade,uncultured marine microorganism,1
c96b261868b17ec260eee8c7ad918683,Bacteria,Proteobacteria,Alphaproteobacteria,Rickettsiales,Mitochondria,uncultured bacterium,uncultured bacterium,2
d2b571bd429bb9b24a0cd18c91204a8d,Bacteria,Proteobacteria,Gammaproteobacteria,Cellvibrionales,Porticoccaceae,Porticoccus,metagenome,3
d8213cd5431b9cd804c76184225aaac5,Bacteria,Verrucomicrobia,Verrucomicrobiae,Verrucomicrobiales,DEV007,uncultured bacterium,uncultured bacterium,4